Result Type,Title,Price (INR),Rating,Image URL
Ad,"Lenovo V15 G4 (2024), AMD Ryzen 3 7320U Quad Core - (8GB/512GB SSD/AMD Radeon Graphics/Windows 11 Home) Thin and Light Business Laptop/15.6"" FHD Display/Arctic Grey/1.57 kg/MS Office 2021",49999,4.0 out of 5 stars,https://m.media-amazon.com/images/I/61AccNkmFFL._AC_UY218_.jpg
Ad,"HP Smartchoice Omnibook 5 OLED (Previously Pavilion), Snapdragon X Processor (16GB LPDDR5x,1TB SSD) 2K OLED,16''/40.6cm, Win11, M365(1yr)*Office24, Glacier Silver, 1.59kg, fb0001QU,Next-Gen AI Laptop",67940,4.2 out of 5 stars,https://m.media-amazon.com/images/I/71IdAMTOjZL._AC_UY218_.jpg
Organic,"Acer Smartchoice Aspire One, AMD Ryzen 3-7320U, 8GB LPDDR5 RAM/ 256GB SSD, 14.0""/35.56cm TN HD Display, Win 11 Home, Pure Silver, 1.48KG, A114-43, Thin and Light Laptop",39990,5.0 out of 5 stars,https://m.media-amazon.com/images/I/71ouu-iX3pL._AC_UY218_.jpg
Organic,"𝗗𝗲𝗹𝗹Laptop Model 5420 | 𝗜𝗡𝗧𝗘𝗟i5 11th Gen Processor |8GB DDR4 RAM |256GB SSD |14"" FHD Display | Win10 | A+ Condition Laptop (Refab)",31990,5.0 out of 5 stars,https://m.media-amazon.com/images/I/51LHNjAjH9L._AC_UY218_.jpg
Organic,"Dell 15 (Previously Inspiron) Laptop, 14th Gen Intel Core i3/Core 3 100U Processor, 8GB DDR4, 512 SSD, 15.6"" FHD 120Hz IPS 250 nit Display, Win 11 + Office H&S 2024, Carbon Black, Thin & Light 1.63Kg",46490,4.1 out of 5 stars,https://m.media-amazon.com/images/I/717WZ7WriwL._AC_UY218_.jpg
Organic,"Lenovo V15 G4 AMD Athlon Silver 7120U Laptop 8GB LPDDR5 Ram, 512 GB SSD PCIe, Windows 11 Lifetime Validity,15.6"" FHD Screen, AMD Radeon 610M, Silver, 1 Year Brand Warranty",42999,4.0 out of 5 stars,https://m.media-amazon.com/images/I/61AccNkmFFL._AC_UY218_.jpg
Organic,"Acer Smartchoice Aspire One, Intel Core Celeron N4500, Office 2024 + M365 Basic, 12GB LPDDR4X / 512GB SSD, 14.0""/35.56cm TN HD Display, Win 11 Home, Pure Silver, 1.3KG, A114-45, Thin and Light Laptop",39990,3.3 out of 5 stars,https://m.media-amazon.com/images/I/71uoRYyilhL._AC_UY218_.jpg
Organic,"acer Aspire Lite, AMD Ryzen 5 7430U Processor,Office 2024 + M365 Basic, 16 GB RAM, 512 GB SSD, Full HD, 15.6""/39.62 cm, Windows 11 Home, Steel Grey, 1.59 kg, AL15-41, Thin and Light Laptop",47990,4.0 out of 5 stars,https://m.media-amazon.com/images/I/71CgSaE-qeL._AC_UY218_.jpg
Organic,"MSI Modern 14, Intel 13th Gen. Core i3 1315U,14” Inch (36CM) FHD 60Hz Thin & Light Business Laptop (8GB/512GB NVMe SSD/Windows 11 Home/Intel UHD/Classic Black/1.4Kg), C13M-1465IN",44990,N/A,https://m.media-amazon.com/images/I/61O737i7QeL._AC_UY218_.jpg
Organic,"HP 15 (2026), Renewd AMD Ryzen 7 Octa Core 7735U - (16 GB DDR5/512 GB SSD/AMD Radeon 680M Graphics/DOS) Thin & Light Business Laptop/15.6"" FHD Display/Backlit + Fingerprint/Silver/1.5kg",62800,5.0 out of 5 stars,https://m.media-amazon.com/images/I/71gGeGiFNKL._AC_UY218_.jpg
Ad,"HP 15 Smartchoice, Intel Core Ultra 5 125H (24GB DDR5, 1TB SSD), Micro-Edge, Anti-Glare, FHD, 15''/39.6cm, Win11, M365* Office24, Silver, 1.65kg, FD1458TU, FHD Camera, Backlit Laptop",84990,3.8 out of 5 stars,https://m.media-amazon.com/images/I/71vhdLDaDQL._AC_UY218_.jpg
Ad,"ASUS Vivobook S14,Smartchoice,AMD Ryzen AI 7 350,16GB RAM,1TB SSD,OLED,14"",Windows 11, Office24,M365 Basic (1Yr)*, Matte Gray,1.4Kg, M3407KA-SF049WS,50 Tops,Metallic Design,Next-Gen AI Laptop,Copilot+",75990,4.0 out of 5 stars,https://m.media-amazon.com/images/I/71G3hXXBEWL._AC_UY218_.jpg
Organic,"HP 15 (2026), AMD Athlon Dual Core 7120U - (8 GB DDR5/512 GB SSD/AMD Radeon 610M Graphics/DOS) Thin and Light Business Laptop/15.6"" HD Display/Turbo Silver/Copilot Key/1.5kg",40400,2.5 out of 5 stars,https://m.media-amazon.com/images/I/718-7YE0WQL._AC_UY218_.jpg
Organic,"HP 15, 13th Gen Intel Core i3-1315U Laptop (8GB DDR4,512GB SSD) Anti-Glare, Micro-Edge,15.6''/39.6cm, FHD, Win11,M365 Basic(1yr),Office Home24, Silver,1.59kg, FHD Camera w/Privacy Shutter, fd0569TU",50040,4.2 out of 5 stars,https://m.media-amazon.com/images/I/61R5Ecv7i-L._AC_UY218_.jpg
Organic,"Lenovo IdeaPad Slim 3 12th Gen Intel Core i5-12450H 15.6 Inch (39.6cm) FHD Thin & Light Laptop (16GB/512GB SSD/Windows 11/Office Home 2024/3months Game Pass/Arctic Grey/1.62Kg), 83ER00MCIN",58249,4.5 out of 5 stars,https://m.media-amazon.com/images/I/61kNhhiAxSL._AC_UY218_.jpg
Organic,"HP 255R G10 Notebook (AMD Athlon Silver 7120U /8GB/512GB/DOS) 15.6-inch(39.6cm), Anti-Glare, HD Laptop, Radeon Graphics, Silver,1.52kg",40550,N/A,https://m.media-amazon.com/images/I/71rDlgf2Q6L._AC_UY218_.jpg
Organic,"Dell 15, Intel Core i3/Core 3 14th Gen-100U, 16GB DDR4, 512GB SSD, FHD IPS, 15.6""/39.62cm, Windows 11, Microsoft Office Home 2024, Carbon Black, 1.63Kg, Thin & Light, Laptop Model NO - Dell 15 DCU5250",49490,3.7 out of 5 stars,https://m.media-amazon.com/images/I/71I4NoKj-oL._AC_UY218_.jpg
Organic,"HP 15, AMD Ryzen 5 7520U,(16GB LPDDR5, 512GB SSD), Anti-Glare, Micro-Edge, FHD, 15.6''/39.6cm, Win 11, Office 24,M365 Basic(1yr)*,Silver, 1.59kg, fc0690au, FHD Camera, Backlit KB Laptop",54990,4.0 out of 5 stars,https://m.media-amazon.com/images/I/71qeL9SvpeL._AC_UY218_.jpg
Organic,"HP 255 Notebook, AMD Athlon Silver 7120U,8GB DDR4, 256GB SSD, 15.6-inch(39.6cm), Anti-Glare, HD Laptop, Radeon Graphics, (Win 11, Silver,1.52kg) G10",38839,3.9 out of 5 stars,https://m.media-amazon.com/images/I/71rw7cd14mL._AC_UY218_.jpg
Organic,"ASUS TUF A15 (2025), AMD Ryzen 7 7445HS,RTX 3050-4GB,75W TGP,16GB DDR5(Upgradeable Upto 64GB) 512GB SSD,FHD,15.6"",144Hz,RGB Keyboard,Windows 11,Graphite Black,2.3 Kg FA506NCG-HN199W, Gaming Laptop",68990,4.3 out of 5 stars,https://m.media-amazon.com/images/I/71K4CpdfmHL._AC_UY218_.jpg
Ad,"Lenovo Ideapad Slim 3, 13th Gen Intel Core i7 13620H, 16GB RAM, 512GB SSD, WUXGA IPS, 15.3""/38.8cm, Win 11, Office 2024, Top Metal Cover Grey, 1.6Kg, 83K100CJIN/S1IN, Backlit KB, Laptop",81390,4.1 out of 5 stars,https://m.media-amazon.com/images/I/71IjxF4prWL._AC_UY218_.jpg
Ad,"Lenovo IdeaPad Slim 3, 13th Gen Intel Core i5 13420H, 24GB RAM, 1TB SSD, WUXGA IPS, 15.3""/38.8cm, Windows 11, Office Home 2024, Grey, 1.6Kg, Backlit Keyboard, 1Yr ADP Free, 83K100PLIN, Laptop",74990,4.2 out of 5 stars,https://m.media-amazon.com/images/I/71D9HSayVSL._AC_UY218_.jpg
Ad,"ASUS Vivobook S14,Smartchoice,AMD Ryzen AI 7 350,16GB RAM,1TB SSD,OLED,14"",Windows 11, Office24,M365 Basic (1Yr)*, Matte Gray,1.4Kg, M3407KA-SF049WS,50 Tops,Metallic Design,Next-Gen AI Laptop,Copilot+",75990,4.0 out of 5 stars,https://images-na.ssl-images-amazon.com/images/G/01/x-locale/common/grey-pixel.gif
Organic,"HP 15, AMD Ryzen 5 7520U,(16GB LPDDR5, 512GB SSD), Anti-Glare, Micro-Edge, FHD, 15.6''/39.6cm, Win 11, Office 24,M365 Basic(1yr)*,Silver, 1.59kg, fc0690au, FHD Camera, Backlit KB Laptop",54990,4.0 out of 5 stars,https://images-na.ssl-images-amazon.com/images/G/01/x-locale/common/grey-pixel.gif
Organic,"ASUS TUF A15 (2025), AMD Ryzen 7 7445HS,RTX 3050-4GB,75W TGP,16GB DDR5(Upgradeable Upto 64GB) 512GB SSD,FHD,15.6"",144Hz,RGB Keyboard,Windows 11,Graphite Black,2.3 Kg FA506NCG-HN199W, Gaming Laptop",68990,4.3 out of 5 stars,https://images-na.ssl-images-amazon.com/images/G/01/x-locale/common/grey-pixel.gif
Organic,"HP 15, AMD Ryzen 3 7320U (8GB LPDDR5, 512GB SSD) FHD, Anti-Glare, Micro-Edge, 15.6""/39.6cm, Win 11, Office 21, Silver, 1.59kg, fc0154AU, AMD Radeon Graphics, 1080p FHD Camera Laptop",45990,4.0 out of 5 stars,https://images-na.ssl-images-amazon.com/images/G/01/x-locale/common/grey-pixel.gif
Organic,"Acer Aspire 3 Laptop Intel Core Celeron N4500 Processor Laptop (8 GB LPDDR4X SDRAM/256 GB SSD/Win11 Home/38 WHR/HD Webcam) A325-45 with 39.63 cm (15.6"") HD Display, Pure Silver, 1.5 KG",36990,3.6 out of 5 stars,https://images-na.ssl-images-amazon.com/images/G/01/x-locale/common/grey-pixel.gif
Organic,"DELL 14 (2025) Intel Core i3 13th Gen 1305U - (8 GB/512 GB SSD/Intel UHD Graphics/Windows 11 Pro) Thin and Light Business Laptop/14.0"" FHD+ IPS Display/Ice Blue/1.4 kg/MSO 2021/1 Year ADP Warranty",44800,3.7 out of 5 stars,https://images-na.ssl-images-amazon.com/images/G/01/x-locale/common/grey-pixel.gif
Organic,"HP 15 (2026), AMD Ryzen 3 Quad Core 7335U - (8 GB DDR5/512 GB SSD/AMD Radeon 660M Graphics/Windows 11 Home) Thin and Light Business Laptop/15.6"" Display/Turbo Silver/Copilot Key/1.5kg/MS Office",43750,N/A,https://images-na.ssl-images-amazon.com/images/G/01/x-locale/common/grey-pixel.gif
Organic,"ASUS Vivobook 15, Smartchoice,Intel Core i3 13th Gen 1315U, 12GB RAM, 512GB SSD, FHD 15.6"", Win 11, Office 2024, Quiet Blue, 1.7Kg, X1504VA-BQ332WS, Intel UHD iGPU, M365 Basic (1Year)*, 42Whrs Laptop",51990,4.3 out of 5 stars,https://images-na.ssl-images-amazon.com/images/G/01/x-locale/common/grey-pixel.gif
Ad,"HP 15 Smartchoice, Intel Core Ultra 5 125H (24GB DDR5, 1TB SSD), Micro-Edge, Anti-Glare, FHD, 15''/39.6cm, Win11, M365* Office24, Silver, 1.65kg, FD1458TU, FHD Camera, Backlit Laptop",84990,3.8 out of 5 stars,https://images-na.ssl-images-amazon.com/images/G/01/x-locale/common/grey-pixel.gif
Ad,"Primebook 2 Max (2026) | 8GB RAM, 256GB UFS Storage | 15.6-Inch Full HD IPS Display | 12hrs Battery | MediaTek Helio G99 | Android 15 (PrimeOS 3.0) | Backlit Keyboard | in-Built AI (Gray)",28990,4.3 out of 5 stars,https://images-na.ssl-images-amazon.com/images/G/01/x-locale/common/grey-pixel.gif
Organic,"Lenovo IdeaPad Slim 3, AMD Ryzen 7 8840HS, 24GB RAM, 1TB SSD, WUXGA IPS, AI PC, 15.3""/38.8cm, Backlit Keyboard, Windows 11, Office Home 2024, Grey, 1.6Kg, 1Yr ADP Free, 83KA004TIN, AI Powered Laptop",81990,4.2 out of 5 stars,https://images-na.ssl-images-amazon.com/images/G/01/x-locale/common/grey-pixel.gif
Organic,"DELL PRO 15 (2025) AMD Ryzen 5 7520U Quad Core - (8 GB DDR5/512 GB SSD/AMD Radeon 610M Graphics/Windows 11 Home) Thin and Light Business Laptop/Backlit/15.6"" FHD Display/Black/1.5 kg/MSO 2021",44790,3.7 out of 5 stars,https://images-na.ssl-images-amazon.com/images/G/01/x-locale/common/grey-pixel.gif
Organic,"Lenovo V15 G4 AMD Ryzen 5 7520U 15.6 inch FHD Laptop, AMD Graphics, 16GB DDR5 5500Mhz Ram, 512GB SSD NVMe, Windows 11, Dolby Audio, Arctic Grey, 1 Year Onsite Brand Warranty",54799,4.0 out of 5 stars,https://images-na.ssl-images-amazon.com/images/G/01/x-locale/common/grey-pixel.gif
Organic,"Lenovo IdeaPad 1 AMD Ryzen 5 5500U 15.6"" HD Thin and Light Laptop (8GB RAM/512GB SSD/Windows 11 Home/Office Home 2024/1 Year ADP Free/Grey/1.6Kg), 82R4011MIN",49950,4.1 out of 5 stars,https://images-na.ssl-images-amazon.com/images/G/01/x-locale/common/grey-pixel.gif
Organic,"HP Smartchoice Omnibook 5 OLED (Previously Pavilion), Snapdragon X Processor (16GB LPDDR5x,1TB SSD) 2K OLED,16''/40.6cm, Win11, M365(1yr)*Office24, Glacier Silver, 1.59kg, fb0001QU,Next-Gen AI Laptop",67940,4.2 out of 5 stars,https://images-na.ssl-images-amazon.com/images/G/01/x-locale/common/grey-pixel.gif
Organic,"Dell 15 Smart Choice (Previously Inspiron), 13th Gen Intel Core i5-1334U (16GB RAM, 1TB SSD) FHD, 15.6""/39.62cm, Windows 11 MSO'24, Silver, 1.62kg, 12 Month McAfee, Backlit KB, Thin & Light Laptop",70490,3.8 out of 5 stars,https://images-na.ssl-images-amazon.com/images/G/01/x-locale/common/grey-pixel.gif
Organic,"Dell 15, Smart Choice AMD Ryzen 7-7730U, 16GB DDR4, 512GB SSD, FHD, 15.6""/39.6cm, Windows 11, Microsoft Office Home 2024, Silver, 1.63Kg, 120Hz 250nits, AMD Radeon Graphics, Thin & Light Laptop",58490,3.5 out of 5 stars,https://images-na.ssl-images-amazon.com/images/G/01/x-locale/common/grey-pixel.gif
Ad,"HP Smartchoice Omnibook 5 OLED (Previously Pavilion), Snapdragon X Processor (16GB LPDDR5x,1TB SSD) 2K OLED,16''/40.6cm, Win11, M365(1yr)*Office24, Glacier Silver, 1.59kg, fb0001QU,Next-Gen AI Laptop",67940,4.2 out of 5 stars,https://images-na.ssl-images-amazon.com/images/G/01/x-locale/common/grey-pixel.gif
Ad,"Lenovo IdeaPad Slim 5, AMD Ryzen 5 7535HS, 16GB RAM, 512GB SSD, WUXGA IPS, 13.3""/33.7cm, Windows 11, Microsoft 365 Basic + Office 2024, Grey, 1.6Kg, Backlit KB, 1Yr ADP Free, 83J2004HIN, Laptop",72990,4.0 out of 5 stars,https://images-na.ssl-images-amazon.com/images/G/01/x-locale/common/grey-pixel.gif
Ad,"ASUS Vivobook S14,Smartchoice,AMD Ryzen AI 7 350,16GB RAM,1TB SSD,OLED,14"",Windows 11, Office24,M365 Basic (1Yr)*, Matte Gray,1.4Kg, M3407KA-SF049WS,50 Tops,Metallic Design,Next-Gen AI Laptop,Copilot+",75990,4.0 out of 5 stars,https://images-na.ssl-images-amazon.com/images/G/01/x-locale/common/grey-pixel.gif
Organic,"Acer Aspire 3 Laptop Intel Core Celeron N4500 Processor Laptop (8 GB LPDDR4X SDRAM/256 GB SSD/Win11 Home/38 WHR/HD Webcam) A325-45 with 39.63 cm (15.6"") HD Display, Pure Silver, 1.5 KG",36990,3.6 out of 5 stars,https://images-na.ssl-images-amazon.com/images/G/01/x-locale/common/grey-pixel.gif
Organic,"HP 15, Intel Core Ultra 5 125H (16GB DDR5, 1TB SSD) FHD, IPS, 15.6''/39.6cm, Win11, M365 Basic(1yr)*Office24, Silver, 1.65kg, fd1354TU, Intel Arc Graphics, FHD Camera w/Shutter, AI Powered Laptop",79990,3.8 out of 5 stars,https://images-na.ssl-images-amazon.com/images/G/01/x-locale/common/grey-pixel.gif
Organic,"Dell 15, Smart Choice AMD Ryzen 7-7730U, 16GB DDR4, 512GB SSD, FHD, 15.6""/39.6cm, Windows 11, Microsoft Office Home 2024, Silver, 1.63Kg, 120Hz 250nits, AMD Radeon Graphics, Thin & Light Laptop",58490,3.5 out of 5 stars,https://images-na.ssl-images-amazon.com/images/G/01/x-locale/common/grey-pixel.gif
Organic,"ASUS Vivobook 15, 13th Gen, Intel Core i3-1315U, 16GB RAM, 512GB SSD, FHD, Anti-Glare, 15.6"", 39.6 cm, Windows 11 Home, M365 Basic(1yr)* Office24, Quiet Blue, 1.70 kg, X1504VA-BQ342WS, Laptop",52390,4.2 out of 5 stars,https://images-na.ssl-images-amazon.com/images/G/01/x-locale/common/grey-pixel.gif
Organic,"HP 15 Smartchoice, 13th Gen Intel Core i5-1334U (16GB DDR4, 1TB SSD) FHD, Anti-Glare, Micro-Edge, 15.6''/39.6cm, Win11, M365(1yr) Office24, Silver, 1.59kg, FD0552TU,Iris Xe, FHD Camera, Backlit Laptop",68990,3.8 out of 5 stars,https://images-na.ssl-images-amazon.com/images/G/01/x-locale/common/grey-pixel.gif
Organic,"DELL 14 (2025) Intel Core i3 13th Gen 1305U - (8 GB/512 GB SSD/Intel UHD Graphics/Windows 11 Pro) Thin and Light Business Laptop/14.0"" FHD+ IPS Display/Ice Blue/1.4 kg/MSO 2021/1 Year ADP Warranty",44800,3.7 out of 5 stars,https://images-na.ssl-images-amazon.com/images/G/01/x-locale/common/grey-pixel.gif
Organic,"HP 15 (2026), AMD Ryzen 3 Quad Core 7335U - (8 GB DDR5/512 GB SSD/AMD Radeon 660M Graphics/Windows 11 Home) Thin and Light Business Laptop/15.6"" Display/Turbo Silver/Copilot Key/1.5kg/MS Office",43750,N/A,https://images-na.ssl-images-amazon.com/images/G/01/x-locale/common/grey-pixel.gif
Ad,"Lenovo IdeaPad Slim 3 13th Gen Core i5-13420H 15.3 inch (38.8cm) WUXGA IPS Laptop (16GB RAM/512GB SSD/Windows 11/Office Home 2024/Top Metal Cover/Backlit Keyboard/1Yr ADP/Grey/1.6Kg), 83K100S3IN",65700,2.3 out of 5 stars,https://images-na.ssl-images-amazon.com/images/G/01/x-locale/common/grey-pixel.gif
Ad,"HP 15 Smartchoice, Intel Core Ultra 5 125H (24GB DDR5, 1TB SSD), Micro-Edge, Anti-Glare, FHD, 15''/39.6cm, Win11, M365* Office24, Silver, 1.65kg, FD1458TU, FHD Camera, Backlit Laptop",84990,3.8 out of 5 stars,https://images-na.ssl-images-amazon.com/images/G/01/x-locale/common/grey-pixel.gif
Organic,"HP 255R G10 Notebook (AMD Athlon Silver 7120U /8GB/512GB/DOS) 15.6-inch(39.6cm), Anti-Glare, HD Laptop, Radeon Graphics, Silver,1.52kg",40550,N/A,https://images-na.ssl-images-amazon.com/images/G/01/x-locale/common/grey-pixel.gif
Organic,"ASUS Zenbook 14 (2026),Smartchoice,Intel Core Ultra 9 285H,32GB RAM,1TB SSD,OLED,Touchscreen,14""(35.5 cm),Win 11,M365 Basic(1Y)* Office 24,Foggy Silver,1.28 Kg,UX3405CA-QL1113WS,Thin & Light Laptop",124990,N/A,https://images-na.ssl-images-amazon.com/images/G/01/x-locale/common/grey-pixel.gif
Organic,"HP 15, Intel Core i3-1315U-13th Gen Laptop (8GB DDR4 Ram,512GB SSD) Anti-Glare, Micro-Edge,15.6'"" FHD, Win11,M365 Basic(1yr),Office Home24, Silver,1.59kg, FHD Camera Shutter, 15-fd0569TU",49490,4.0 out of 5 stars,https://images-na.ssl-images-amazon.com/images/G/01/x-locale/common/grey-pixel.gif
Organic,"DELL PRO 15 (2025) AMD Ryzen 5 7520U Quad Core - (8 GB DDR5/512 GB SSD/AMD Radeon 610M Graphics/Windows 11 Home) Thin and Light Business Laptop/Backlit/15.6"" FHD Display/Black/1.5 kg/MSO 2021",44790,3.7 out of 5 stars,https://images-na.ssl-images-amazon.com/images/G/01/x-locale/common/grey-pixel.gif
Organic,"ASUS Vivobook 16, Intel Core i5-12500H, 16GB RAM, 512GB SSD, FHD+ 60Hz 300Nits, 16"", Windows 11, MS Office Home, Transparent Silver, 1.88KG, X1605ZAC-MB541WS, Fingerprint, 42Whr Battery Laptop",60600,4.2 out of 5 stars,https://images-na.ssl-images-amazon.com/images/G/01/x-locale/common/grey-pixel.gif
Organic,"HP 15, AMD Ryzen 3 7320U (8GB LPDDR5, 512GB SSD) FHD, Anti-Glare, Micro-Edge, 15.6""/39.6cm, Win 11, Office 21, Silver, 1.59kg, fc0154AU, AMD Radeon Graphics, 1080p FHD Camera Laptop",45990,4.0 out of 5 stars,https://images-na.ssl-images-amazon.com/images/G/01/x-locale/common/grey-pixel.gif
Organic,"ASUS Vivobook 14 (2026),Intel Core Ultra 5 225H, Intel iGPU,16GB RAM,1TB SSD,FHD+,14""(35.5 cm),Windows 11,M365 Basic(1 Year)* Office 2024, Platinum Gold, 1.46 Kg, X1407CA-LY1581WS,Thin & Light Laptop",69990,4.4 out of 5 stars,https://images-na.ssl-images-amazon.com/images/G/01/x-locale/common/grey-pixel.gif
Ad,"HP Smartchoice Victus, 13th Gen Intel Core i7-13620H, 8GB RTX 5050, 24GB DDR5(Upgradeable) 1TB SSD, 144Hz, FHD, 15.6''/39.6cm, Win11, M365* Office24, Mica Silver, 2.29kg, fa2309TX, RGB Gaming Laptop",119990,4.0 out of 5 stars,https://images-na.ssl-images-amazon.com/images/G/01/x-locale/common/grey-pixel.gif
Ad,"Lenovo LOQ, Intel Core i7 14th Gen-14700HX, RTX 5050-8GB, 16GB RAM, 1TB SSD, FHD, 83JE00U6IN, 15.6""/39.6cm, 144Hz, Windows 11, Office 2024, Grey, 2.4Kg, 3 Mon. Game Pass, 83JE00U6IN, AI Gaming Laptop",130499,4.0 out of 5 stars,https://images-na.ssl-images-amazon.com/images/G/01/x-locale/common/grey-pixel.gif
